drop table mca;
DROP TABLE b_pharm;
DROP TABLE MPHARM;

CREATE TABLE MCA
(
ROLL_NO INT,
UNI_ID INT,
COURSE_ID VARCHAR(15),
COLLEGE_ID INT,
FIRST_NAME VARCHAR(15),
LAST_NAME VARCHAR(15),
GENDER VARCHAR(8),
YEAR_OF_ADMISSION INT,
PRESENT_YEAR_IN INT,
PRIMARY KEY(ROLL_NO)
);

INSERT INTO MCA VALUES(1,123,'MCA',11,'REKHA','KAMATH','F',2022,1);
INSERT INTO MCA VALUES(2,123,'MCA',11,'RAKSHITHA','PAI','F',2020,3);
INSERT INTO MCA VALUES(3,123,'MCA',11,'RAMYA','BHAT','F',2020,3);
INSERT INTO MCA VALUES(4,123,'MCA',11,'RAHUL','RAO','M',2021,2);
INSERT INTO MCA VALUES(5,123,'MCA',11,'RAMESH','HEGDE','M',2022,1);
INSERT INTO MCA VALUES(6,123,'BPHARM',11,'SUMITH','MENDON','M',2022,1);
SELECT * FROM MCA;

CREATE TABLE MPHARM
(
ROLL_NO INT,
UNI_ID INT,
COURSE_ID VARCHAR(15),
COLLEGE_ID INT,
FIRST_NAME VARCHAR(15),
LAST_NAME VARCHAR(15),
GENDER VARCHAR(8),
YEAR_OF_ADMISSION INT,
PRESENT_YEAR_IN INT,
FOREIGN KEY(ROLL_NO) REFERENCES MCA(ROLL_NO)
);

INSERT INTO MPHARM VALUES(1,123,'MPHARM',22,'ABHIGHYA','KAMATH','F',2020,3);
INSERT INTO MPHARM VALUES(2,123,'MPHARM',22,'AGASTHYA','RAO','M',2019,4);
INSERT INTO MPHARM VALUES(3,123,'MPHARM',22,'ARUN','NAYAK','M',2020,4);
INSERT INTO MPHARM VALUES(4,123,'MPHARM',22,'ANANYA','PRABHU','F',2020,3);
INSERT INTO MPHARM VALUES(5,123,'MPHARM',22,'SHRAVAN','SHETTY','M',2020,3);
INSERT INTO MPHARM VALUES(5,123,'MPHARM',22,'SHRAVAN','SHETTY','M',2020,3);
INSERT INTO MPHARM VALUES(6,123,'BPHARM',22,'SUMITH','MENDON','M',2022,1);
SELECT * FROM MPHARM;

CREATE TABLE BPHARM
(
ROLL_NO INT,
UNI_ID INT,
COURSE_ID VARCHAR(15),
COLLEGE_ID INT,
FIRST_NAME VARCHAR(15),
LAST_NAME VARCHAR(15),
GENDER VARCHAR(8),
YEAR_OF_ADMISSION INT,
PRESENT_YEAR_IN INT,
FOREIGN KEY(ROLL_NO) REFERENCES MCA(ROLL_NO)
);

INSERT INTO BPHARM VALUES(1,123,'BPHARM',33,'TANYA','SHARMA','F',2020,3);
INSERT INTO BPHARM VALUES(2,123,'BPHARM',33,'ZARA','SINGH','F',2020,3);
INSERT INTO BPHARM VALUES(3,123,'BPHARM',33,'SHRAVYA','POOJARY','F',2019,4);
INSERT INTO BPHARM VALUES(4,123,'BPHARM',33,'SAMHITH','BHAT','M',2022,1);
INSERT INTO BPHARM VALUES(5,123,'BPHARM',33,'SUMITH','MENDON','M',2022,1);
INSERT INTO BPHARM VALUES(6,123,'BPHARM',33,'SUSHANTH','RAO','M',2022,1);


#QUERRIES
#a) List of girl students in 3rd year of B.Pharm
SELECT * FROM BPHARM
WHERE
PRESENT_YEAR_IN=3 AND GENDER='F';

#b) Names of all boys whose surname is "Rao"

SELECT BPHARM.COURSE_ID,BPHARM.FIRST_NAME,BPHARM.LAST_NAME,BPHARM.GENDER,MP.COURSE_ID,MP.FIRST_NAME,MP.LAST_NAME,MP.GENDER,M.COURSE_ID,M.FIRST_NAME,M.LAST_NAME,M.GENDER
FROM
( (MP AS MP, MCA AS M
INNER JOIN BPHARM ON BPHARM.ROLL_NO=MP.ROLL_NO )
INNER JOIN BPHARM ON BPHARM.ROLL_NO=MCA.ROLL_NO)
WHERE
(BPHARM.LAST_NAME='RAO' AND BPHARM.GENDER='M')
AND
(M.LAST_NAME='RAO' AND  M.GENDER='M')
AND
(MP.LAST_NAME='RAO' AND MP.GENDER='M');

#AND
#(BP.LAST_NAME='RAO' AND BP.GENDER='M');

SELECT MP.COURSE_ID,MP.FIRST_NAME,MP.LAST_NAME,MP.GENDER,M.COURSE_ID,M.FIRST_NAME,M.LAST_NAME,M.GENDER,BP.COURSE_ID,BP.FIRST_NAME,BP.LAST_NAME,BP.GENDER
FROM
 MPHARM AS MP, MCA AS M, BPHARM AS BP
 WHERE
(M.LAST_NAME='RAO' AND  M.GENDER='M')
AND
(MP.LAST_NAME='RAO' AND MP.GENDER='M')
AND
(BP.LAST_NAME='RAO' AND BP.GENDER='M');


